Article Title ,Author(s),Contact Info.,Year Published,Institution ,# of publications used,Olivia (Article Link),Qual. Score method,QualSyst number
The Prevalence of Vascular Dementia in China: A Systematic Review and Meta-Analysis,"Chenze JIAO 1,2, Shouchao WEI 3, Tingting LIU 1,2, Xiao BAO 1, Wenrong CHEN 3, Zhi-min LIAO 2, Wanjuan PENG 2,4, Wei WEI 5, *Zhou LIU 2",liuzhou@gdmu.edu.cn,2021,"1.Department of Neurology, The Affiliated Yuebei People’s Hospital of Shantou University Medical College, Shaoguan, China 2.Guangdong Key Laboratory of Age-Related Cardiac and Cerebral Diseases, Institute of Neurology, Department of Neurology, Affiliated Hospital of Guangdong Medical University, Zhanjiang, Guangdong, China 3.Central People’s Hospital of Zhanjiang, Zhanjiang, China 4.Guangdong Medical University, Zhanjiang, China5.Gaomi People’s Hospital, Gaomi, China*",48,https://dx-doi-org.myaccess.library.utoronto.ca/10.18502/ijph.v50i1.5068,Other,quality evaluation criteria of epide-miological  research methods (refer to table 1)
Genome-wide association study meta-analysis of dizygotic twinning illuminates genetic regulation of female fecundity.,"Hamdi Mbarek 1,2,3,, Scott D. Gordon4 , David L. Duffy4 , Nikki Hubers1,3, Sally Mortlock 5 , Jeffrey J. Beck6 , Jouke-Jan Hottenga1 , Rene Pool  1 , Conor V. Dolan1 , Ky’Era V. Actkins7 , Zachary F. Gerring 4 , Jenny Van Dongen 1,3, Erik A. Ehli6 , William G. Iacono8 , Matt Mcgue8 , Daniel I. Chasman9,10, C. Scott Gallagher9 , Samantha L.P. Schilit 9,10, Cynthia C. Morton9,10, Guillaume Pare 11, Gonneke Willemsen1 , David C. Whiteman 2 , Catherine M. Olsen 4 , Catherine Derom12, Robert Vlietinck12, Daniel Gudbjartsson13, Lisa Cannon-Albright14, Eva Krapohl15,16, Robert Plomin15, Patrik K.E. Magnusson17, Nancy L. Pedersen17, Pirro Hysi 18, Massimo Mangino18,19, Timothy D. Spector18, Teemu Palviainen 20, Yuri Milaneschi21, Brenda W. Penninnx21, Adrian I. Campos 4,5, Ken K. Ong22, John R.B. Perry22, Cornelis B. Lambalk 3,23, Jaakko Kaprio20, Isleifur Olafsson  24, Karine Duroure25, Celine Revenu  25, Miguel E. Renterıa4 , Loic Yengo5 , Lea Davis7 , Eske M. Derks4 , Sarah E. Medland4 , Hreinn Stefansson13, Kari Stefansson13, Filippo Del Bene 25, Bruno Reversade 26,27, Grant W. Montgomery 5 , Dorret I. Boomsma 1,3,†,, and Nicholas G. Martin 4,,†",: h.mbarek@vu.nl,2024,"1 Department of Biological Psychology, Netherlands Twin Register, Vrije Universiteit, Amsterdam, The Netherlands 2 Qatar Genome Program, Qatar Foundation, Doha, Qatar 3 Amsterdam Reproduction and Development Institute, Amsterdam, The Netherlands 4 QIMR Berghofer Medical Research Institute, Brisbane, QLD, Australia 5 Institute of Molecular Bioscience, University of Queensland, Brisbane, QLD, Australia 6 Avera Institute for Human Genetics, Avera McKennan Hospital and University Health Center, Sioux Falls, SD, USA 7 Vanderbilt Genetics Institute, Vanderbilt University, Nashville, TN, USA 8 Department of Psychology, University of Minnesota, Minneapolis, MN, USA 9 Harvard Medical School, Harvard University, Boston, MA, USA 10Brigham and Women’s Hospital, Boston, MA, USA 11Population Health Research Institute, McMaster University, Hamilton, ON, Canada 12University of Leuven, Leuven, Belgium 13deCODE Genetics, Reykjavik, Iceland 14University of Utah, Salt Lake City, UT, USA 15Medical Research Council Social, Genetic and Developmental Psychiatry Centre, Institute of Psychiatry, Psychology & Neuroscience, King’s College London, London, UK 16Statistical Sciences & Innovation, UCB Biosciences GmbH, Monheim, Germany 17Department of Medical Epidemiology and Biostatistics, Karolinska Institutet, Stockholm, Sweden 18Department of Twin Research & Genetic Epidemiology, King’s College London, London, UK 19NIHR Biomedical Research Centre at Guy’s and St Thomas’ Foundation Trust, London, UK 20Institute for Molecular Medicine Finland FIMM, University of Helsinki, Helsinki, Finland 21Department of Psychiatry, EMGO Institute for Health and Care Research, Vrije Universiteit, Amsterdam, The Netherlands 22MRC Epidemiology Unit, University of Cambridge School of Clinical Medicine, Institute of Metabolic Science, Cambridge, UK 23Amsterdam University Medical Centers Location VU Medical Center, Amsterdam, The Netherlands 24Department of Clinical Biochemistry, National University Hospital of Iceland, Reykjavik, Iceland 25Sorbonne Universite, INSERM, CNRS, Institut de la Vision, Paris, France  26Genome Institute of Singapore, Laboratory of Human Genetics & Therapeutics, ASTAR, Singapore, Singapore 27Smart-Health Initiative, BESE, KAUST, Thuwal, Saudi Arabia",95,https://dx-doi-org.myaccess.library.utoronto.ca/10.1093/humrep/dead247,,n/a
A meta-analysis of the impacts of genetically modified crops,"Wilhelm Klu¨ mper, Matin Qaim*",: mqaim@uni-goettingen.de,2014,"Department of Agricultural Economics and Rural Development, Georg-August-University of Goettingen, Goettingen, Germany",27,"https://dx-doi-org.myaccess.library.utoronto.ca/10.1371/journal.pone.0111629""",NONE,
"Distracted Walking, Bicycling, and Driving: Systematic Review and Meta-Analysis of Mobile Technology and Youth Crash Risk","Despina Stavrinos, Caitlin N. Pope, Jiabin Shen, David C. Schwebel",dstavrin@uab.edu.,2018,University of Alabama at Birmingham  Research Institute at Nationwide Children’s Hospital,113,https://dx-doi-org.myaccess.library.utoronto.ca/10.1111/cdev.12827,"GRADE, Cochrane",
Impact of 3D Printing Technology-Assisted Rehabilitation Cycles on Prognostic Motility in Surgically Treated Tibial Plateau Fractures: A Meta-Analysis,"Huaping Hu, MM; Huiwen Yang, MD",13707996057@163.com,2024,Department of Joint Surgery; Pingxiang City People’s Hospital; Pingxiang; Jiangxi; China.,3,https://pubmed.ncbi.nlm.nih.gov/38843430/,Cochrane,
Complications of Implanted Vagus Nerve Stimulation: A Systematic Review and Meta-analysis,Roshini Kalagaraa Susmita Chennareddya Emma Reforda Abhiraj D. Bhimania Daniel D. Cumminsa Margaret H. Downesa Jenna M. Tostob Joshua B. Bedersona J Moccoa David Putrinob Christopher P. Kellnera Fedor Panova,roshini.kalagara @ icahn.mssm.edu,2024,"a Department of Neurosurgery, Icahn School of Medicine at Mount Sinai, New York, NY, USA; bDepartment of Rehabilitation and Human Performance, Icahn School of Medicine at Mount Sinai, New York, NY, USA",44,https://dx-doi-org.myaccess.library.utoronto.ca/10.1159/000536362,NONE,no quality assessment were performed
 Does robotic-assisted surgery improve outcomes of total hip arthroplasty compared to manual technique? A systematic review and meta-analysis,"Vishal Kumar†, Sandeep Patel †, Vishnu Baburaj , *, Rajesh Kumar Rajnish , Sameer Aggarwal",drvbms@gmail.com,2023,"Orthopedic Surgery, PGIMER, Chandigarh, India",34,https://pubmed.ncbi.nlm.nih.gov/37294729/,MINORS,(methodological index for non-randomized studies)
"Developing a model of mental health self-care support for children and young people through an integrated evaluation of available types of provision involving systematic review, meta-analysis and case study","Steven Pryjmachuk 1, Rebecca Elvey 1, Susan Kirk 1, Sarah Kendal 1, Peter Bower 2, Roger Catchpole 3",n/a,2014,"1School of Nursing, Midwifery and Social Work, The University of Manchester and Manchester Academic Health Science Centre (MAHSC), Manchester, UK 2Institute of Population Health, The University of Manchester and Manchester Academic Health Science Centre (MAHSC), Manchester, UK 3YoungMinds, London, UK",233,https://pubmed.ncbi.nlm.nih.gov/25642499/,Cochrane,
Race and Ethnic Representation in Crohn's Disease Trials of Biologic and Small Molecule Medications: A Systematic Review and Meta-analysis.,"Matt Pelton,a, Paddy Ssentongo, b Ashley Sun,c Destin Groff, c Shannon Dalessio, d Kofi Clarked,",mp1938@rwjms.rutgers.edu,2024,"a Department of Internal Medicine, Rutgers Robert Wood Johnson Medical School, New Brunswick, New Jersey, USA b Department of Internal Medicine, Penn State College of Medicine, Hershey, Pennsylvania, USA c Penn State College of Medicine, Hershey, Pennsylvania, USA d Department of Gastroenterology, Penn State College of Medicine, Hershey, Pennsylvania, USA",22,https://dx-doi-org.myaccess.library.utoronto.ca/10.1093/ecco-jcc/jjad138,Cochrane,
Evaluating the Prevalence of Burnout Among Health Care Professionals Related to Electronic Health Record Use: Systematic Review and Meta-Analysis. ,,,,,,https://dx-doi-org.myaccess.library.utoronto.ca/10.2196/54811,,
The Effect of Different Electric Toothbrush Technologies on Interdental Plaque Removal: A Systematic Review with a Meta-Analysis,,,,,,https://dx-doi-org.myaccess.library.utoronto.ca/10.3390/healthcare12101035,,
No additional risk of congenital anomalies after first-trimester dydrogesterone use: a systematic review and meta-analysis.,,,,,,https://www-ncbi-nlm-nih-gov.myaccess.library.utoronto.ca/pubmed/38784056,,
Effects of movement training based on rhythmic auditory stimulation in cognitive impairment: a meta-analysis of randomized controlled clinical trial.,,,,,,https://dx-doi-org.myaccess.library.utoronto.ca/10.3389/fnins.2024.1360935,,
The effectiveness of a wearable activity tracker (WAT)-based intervention to improve physical activity levels in sedentary older adults: A systematic review and meta-analysis,,,,,,https://www-ncbi-nlm-nih-gov.myaccess.library.utoronto.ca/pubmed/33932825,,
Stem cell transplantation for spinal cord injury: a meta-analysis of treatment effectiveness and safety,,,,,,https://dx-doi-org.myaccess.library.utoronto.ca/10.4103/1673-5374.206653,,
Technology-enhanced simulation in emergency medicine: Updated systematic review and meta-analysis,,,,,,https://dx-doi-org.myaccess.library.utoronto.ca/10.1002/aet2.10848,,
Comparison of the Joel-Cohen-based technique and the transverse Pfannenstiel for caesarean section for safety and effectiveness: A systematic review and meta-analysis,,,,,,https://dx-doi-org.myaccess.library.utoronto.ca/10.14196/mjiri.31.54,,
 How does problem-solving pedagogy affect creativity? A meta-analysis of empirical studies.,,,,,,https://dx-doi-org.myaccess.library.utoronto.ca/10.3389/fpsyg.2024.1287082,,
Robotic-Assisted Versus Fluoroscopic-Guided Surgery on the Accuracy of Spine Pedicle Screw Placement: A Systematic Review and Meta-Analysis.,,,,,,https://dx-doi-org.myaccess.library.utoronto.ca/10.7759/cureus.54969,,
Systematic review and meta-analysis of the diagnostic value of optokinetic after-nystagmus in vestibular disorders,,,,,,https://dx-doi-org.myaccess.library.utoronto.ca/10.3389/fneur.2024.1367735,,
,,,,,,,,
,,,,,,Gigi,,
Meta-analysis of targeted temperature management in animal models of cardiac arrest.,"Hilmer Olai, Gustav Thornéus, Hannah Watson, Malcolm Macleod, Jonathan Rhodes, Hans Friberg, Niklas Nielsen, Tobias Cronberg, Tomas Deierborg","tomas.
deierborg@med.lu.se",2020,"Department of Experimental Medical Science, Experimental Neuroinflammation Laboratory, Lund University, Lund, Sweden; Department of Anaesthesia, Western General Hospital, NHS Lothian, Edinburgh, UK; Department of Critical Care, Western General Hospital, NHS Lothian, Edinburgh, UK; Centre for Clinical Brain Sciences, University of Edinburgh, Edinburgh, UK; Department of Anaesthesia, Critical care and Pain Medicine/NHS Lothian, University of
Edinburgh, Edinburgh, UK; Department of Clinical Sciences, Anesthesia & Intensive care, Skåne University Hospital, Lund University, Lund, Sweden; Department of Clinical Sciences Lund, Anesthesia & Intensive care, Helsingborg Hospital, Lund University, Lund, Sweden; Department of Clinical Sciences Lund, Neurology, Skåne University Hospital, Lund University, Lund, Sweden.",181,https://dx-doi-org.myaccess.library.utoronto.ca/10.1186/s40635-019-0291-9,Other,CAMARADES quality checklist
Navigated Versus Conventional Total Knee Arthroplasty: A Systematic Review and Meta-analysis of Prospective Randomized Controlled Trials. [Review],"Gerard A. Sheridan, Mohammed Abdelmalek, Lisa C. Howard, Michael E. Neufeld, Bassam A. Masri, Donald S. Garbuz"," sheridga@tcd.ie, mamalek@student.ubc.ca, lchoward25@gmail.com, michaelneufeld14@
gmail.com, Bassam.Masri@vch.ca, Donald.Garbuz@vch.ca",2024,"University of British Columbia, Vancouver, BC, Canada",17,https://dx-doi-org.myaccess.library.utoronto.ca/10.1016/j.jor.2023.11.070,NONE,No quality assessment metric mentioned
Comparison of clinical efficacy of robot-assisted and freehand core decompression in the treatment of osteonecrosis of the femoral head: a systematic review and meta-analysis.,"Wensi Ouyang, Guimei Guo, Tianpei Jiang, Changwei Zhao, Xiaoling Zhou","zcw_1980@126.com, zlx19800110@163.com",2024,"Changchun University of Chinese Medicine, Changchun 130117, China 2 Hospital Affiliated to Changchun University of Traditional Chinese Medicine, Changchun 130021, China",7,https://dx-doi-org.myaccess.library.utoronto.ca/10.1186/s12891-024-07592-x,GRADE,
Do Exercise-Based Prevention Programs Reduce Injury in Endurance Runners? A Systematic Review and Meta-Analysis. [Review],"Han Wu, Katherine Brooke-Wavell, Daniel T. P. Fong, Max R. Paquette, Richard C. Blagrove",R.C.Blagrove@lboro.ac.uk,2024,"National Centre for Sport and Exercise Medicine, School
of Sport, Exercise and Health Sciences, Loughborough
University, Loughborough, UK; College of Health Sciences, University of Memphis,
Memphis, TN, USA",9,https://dx-doi-org.myaccess.library.utoronto.ca/10.1007/s40279-024-01993-7,Cochrane,
The New Era of Spinal Surgery: Exploring the Use of Exoscopes as a Viable Alternative to Operative Microscopes-A Systematic Review and Meta-Analysis. [Review],"Emir Begagić, Ragib Pugonja, Hakija Bečulić, Edin Selimović, Rasim Skomorac, Benjamin Saß, Mirza Pojskić",begagicem@gmail.com; emir.begagic@dl.unze.ba,2024,"Department of General Medicine, School of Medicine, University of Zenica, Zenica, Bosnia and Herzegovina; Department of Anatomy, School of Medicine, University of Zenica, Zenica, Bosnia and Herzegovina; Department of Neurosurgery, Canton Hospital Zenica, Zenica, Bosnia and Herzegovina; Department of Surgery, School of Medicine, University of Zenica, Zenica, Bosnia and
Herzegovina; Clinic of Neurosurgery, University of Marburg, Marburg, Germany",37,https://dx-doi-org.myaccess.library.utoronto.ca/10.1016/j.wneu.2023.11.026,Other,Newcastle-Ottawa Scale
Effects of virtual reality OSCE on nursing students' education: a study protocol for systematic review and meta-analysis.,"Ping Liu, Xuan Dong, Fei Liu, Haixia Fu",18626469889@163.com,2024,"Affiliated Hospital of Nanjing University of Chinese Medicine, Nanjing, Jiangsu, China; Jiangsu Province Hospital, Nanjing, Jiangsu, China",N/A,https://dx-doi-org.myaccess.library.utoronto.ca/10.1136/bmjopen-2023-082847,GRADE,This is a study protocol for a systematic review and meta-analysis; they did not perform an actual systematic review or meta-analysis
Efficacy and Safety of Pentoxifylline for Venous Leg Ulcers: An Updated Meta-Analysis.,"Shi-Yi Sun, Yan Li, Yun-Yi Gao, Xing-Wu Ran",ranxingwu@163.com,2021,"Innovation Center for Wound Repair, Diabetic Foot CareCenter, Department of Endocrinology and Metabolism, West China Hospital, Sichuan University, 37 Guoxue Lane, Chengdu 610041, Sichuan, People’s Republic of China.",13,https://dx-doi-org.myaccess.library.utoronto.ca/10.1177/15347346211050769,Cochrane,
The effect of early weight-bearing and later weight-bearing rehabilitation interventions on outcomes after ankle fracture surgery: A systematic review and meta-analysis of randomised controlled trials. [Review],"Bocheng Chen, Ziyan Ye, Jiaxin Wu, Guoxiang Wang, Tiancheng Yu",gxwang2023@126.com; andytc3377559@163.com,2024,"Physical Education and Sports School of Soochow University, Soochow University, Suzhou, Jiangsu Province, China",11,https://dx-doi-org.myaccess.library.utoronto.ca/10.1002/jfa2.12011,Cochrane,
Physician-modified versus chimney endografting for pararenal aortic aneurysms: a systematic review and meta-analysis.,"Georgios I. Karaolanis, Dimitrios D. Papazoglou, Konstantinos P. Donas, Fabrice Helfenstein, Drosos Kotelis, Vladimir Makaloski",N/A,2024,"Department of Vascular Surgery, Inselspital, Bern University Hospital, University of Bern, Bern, Switzerland; Vascular Unit, Department of Surgery, University Hospital of Ioannina and School of Medicine, Ioannina, Greece; Rhein Main Vascular Center, Department of Vascular and Endovascular Surgery, Asklepios Clinics Langen, Wiesbaden, Seligenstadt, Germany; Clinical Trials Unit, University of Bern, Bern, Switzerland",16,https://dx-doi-org.myaccess.library.utoronto.ca/10.23736/S0021-9509.24.12995-3,,No full text (paywall)
Risk factors for childhood brain tumours: A systematic review and meta-analysis of observational studies from 1976 to 2022. [Review],"Felix M. Onyije, Roya Dolatkhah, Ann Olsson, Liacine Bouaoun, Isabelle Deltour, Friederike Erdmann, Audrey Bonaventure, Michael E. Scheurer, Jacqueline Clavel, Joachim Schüz",onyijef@iarc.who.int,2024,"Environment and Lifestyle Epidemiology Branch, International Agency for Research on Cancer (IARC/WHO), 25 avenue Tony Garnier, CS 90627, 69366 LYON CEDEX 07, France; Research Group Aetiology and Inequalities in Childhood Cancer, Division of Childhood Cancer Epidemiology Institute of Medical Biostatistics, Epidemiology, and Informatics (IMBEI), University Medical Center Mainz, Langenbeckstraβe 1, 55131 Mainz, Germany; Epidemiology of Childhood and Adolescent Cancers Team, Universite Paris Cite and Universite Sorbonne Paris Nord, Inserm, INRAE, Center for Research in Epidemiology and StatisticS (CRESS), Villejuif, France; Department of Pediatrics, Hematology-Oncology, Baylor College of Medicine and Texas Children’s Hospital Cancer Center, Houston, TX, United States; National Registry of Childhood Cancers, Hopital Paul Brousse, Groupe Hospitalier Universitaire Paris-Sud, Assistance Publique Hopitaux de Paris (AP-HP), Villejuif, France; Centre Hospitalier Regional Universitaire de Nancy, Vandoeuvre-les-Nancy, France",181,https://dx-doi-org.myaccess.library.utoronto.ca/10.1016/j.canep.2023.102510,Other,Joanna Briggs Institute critical appraisal (JBI) tools for case-control and cohort studies
Meta-analysis of risk factors for posttraumatic stress disorder in myocardial infarction.,"Jingyu Liu, Lingyu Wang, Yimu Wang, Haiyan Fang, Xiang Wang",17368852387@163.com,2024,"College of Nursing, Anhui University of Chinese Medicine, Hefei, China",10,https://dx-doi-org.myaccess.library.utoronto.ca/10.1097/MD.0000000000036601,Other,Newcastle-Ottawa Quality Assessment Scale
[ARTICLE HAS BEEN RETRACTED] Effect of platelet-rich plasma combined with negative pressure wound therapy in treating patients with chronic wounds: A meta-analysis.,"Hao Chen, Tong-Jie Xu, Hao Yu, Jun-Long Zhu, Yong Liu, Lu-Pin Yang",luzyanglp646@sina.com,2024,"Department of Vascular Surgery, Affiliated Hospital of Southwest Medical University, Luzhou, China; Department of Interventional Medicine, Affiliated Hospital of Southwest Medical University, Luzhou, China",18,https://dx-doi-org.myaccess.library.utoronto.ca/10.1111/iwj.14758,Cochrane,
"Etrolizumab as induction and maintenance therapy in patients with moderately to severely active ulcerative colitis: a protocol of systematic review and meta-analysis of placebo-controlled, randomised clinical trials.","Xuan Qin, Menghui Wang, Wei Zhang, Wenji Liu, Hongxin Shu, Xiaowei Xiong",xiongxw0311@hotmail.com; shuhongxin@hotmail.com,2024,"Department of Vascular Surgery, The First Hospital of Nanchang, Nanchang, China; Huan kui College of Nanchang University, Nanchang, China; Department of Neurosurgery, the 2st affiliated hospital, Jiangxi Medical College, Nanchang University, Nanchang, China",N/A,https://dx-doi-org.myaccess.library.utoronto.ca/10.1136/bmjopen-2023-076570,"GRADE, Cochrane",This is a study protocol for a systematic review and meta-analysis; they did not perform an actual systematic review or meta-analysis
Surrogate endpoints for overall survival in randomized clinical trials testing immune checkpoint inhibitors: a systematic review and meta-analysis.,"Isabella Sala, Eleonora Pagan, Laura Pala, Chiara Oriecuia, Marco Musca, Claudia Specchia, Tommaso De Pas, Javier Cortes, Giuseppe Giaccone, Michael Postow, Richard D. Gelber, Vincenzo Bagnardi, Fabio Conforti",vincenzo.bagnardi@unimib.it,2024,"Department of Statistics and Quantitative Methods, University of Milan-Bicocca, Milan, Italy; Department of Medicine and Surgery, University of Milan-Bicocca, Milan, Italy; Department of Medical Oncology, Humanitas Gavazzeni, Bergamo, Italy; Department of Clinical and Experimental
Sciences, University of Brescia, Brescia, Italy; Department of Molecular and Translational Medicine, University of Brescia, Brescia, Italy; Methodology for Clinical Research Laboratory, Istituto di Ricerche Farmacologiche Mario Negri Istituto di Ricovero e Cura a Carattere Scientifico (IRCCS), Milan, Italy; International Breast Cancer Center, Pangaea Oncology, Quiron Group, Madrid, Spain; International Breast Cancer Center, Pangaea Oncology, Quiron Group, Barcelona, Spain; Faculty of Biomedical and Health Sciences, Department of Medicine, Universidad Europea de Madrid, Madrid, Spain; Meyer Cancer Center, Weill Cornel Medicine, New York, NY, United States; Department of Medicine, Memorial Sloan Kettering Cancer Center and Weill Cornell Medical College, New York, NY, United States; Department of Data Science, Dana-Farber Cancer Institute, Harvard Medical School, Harvard Tseng-Hsi (T.H.) Chan School of Public Health, and Frontier Science and Technology Research
Foundation, Boston, MA, United States; University of Milan, Milan, Italy",61,https://dx-doi-org.myaccess.library.utoronto.ca/10.3389/fimmu.2024.1340979,Cochrane,
Economic Evaluations Comparing Deep Brain Stimulation to Best Medical Therapy for Movement Disorders: A Meta-Analysis.,"Melissa Lannon, Taylor Duda, Alexander Mastrolonardo, Ellissa Huang, Amanda Martyniuk, Forough Farrokhyar, Feng Xie, Mohit Bhandari, Suneil K. Kalia, Sunjay Sharma",melissa.lannon@medportal.ca,2024,"Division of Neurosurgery, McMaster University, 237 Barton Street East, Hamilton, ON, Canada; Michael G. DeGroote School of Medicine, McMaster University, Hamilton, ON, Canada; Department of Health, Evidence, Impact, McMaster University, Hamilton, ON, Canada; Division of Orthopaedic Surgery, McMaster University, Hamilton, ON, Canada; Division of Neurosurgery, University of Toronto, Toronto, ON, Canada",14,https://dx-doi-org.myaccess.library.utoronto.ca/10.1007/s40273-023-01318-y,Other,Consensus on Health Economics Criteria Checklist (CHEC)-extended checklist
Systematic review and meta-analysis on the effect of adjuvant gonadotropin-releasing hormone agonist (GnRH-a) on pregnancy outcomes in women with endometriosis following conservative surgery.,"Xuemei Qing, Lele He, Ying Ma, Yong Zhang, Wenxin Zheng",lizza2222@126.com; 13808110138@163.com,2024,"Department of Obstetrics and Gynecology, Southwest Medical University, Luzhou, Sichuan 646000, China; Department of Obstetrics and Gynecology, Qingbaijiang District People’s Hospital, Chengdu, Sichuan 610300, China; Department of Obstetrics and Gynecology, Mianyang Central Hospital, Mianyang, Sichuan 621000, China; Department of Obstetrics and Gynecology, Chongzhou Maternal and Child Health Care Hospital, Chengdu, Sichuan 611200, China; Department of Obstetrics and Gynecology, Chengdu Medical College, Chengdu, Sichuan 610500, China; Department of Obstetrics and Gynecology, Department of Pathology, Harold C Simmons Comprehensive Cancer Center, University of Texas Southwestern Medical Center, Dallas, TX 75390, USA",17,https://dx-doi-org.myaccess.library.utoronto.ca/10.1186/s12884-024-06430-1,"Cochrane, Other",Other: Jadad
Reference Ranges for Left Modified Myocardial Performance Index: Systematic Review and Meta-Analysis.,"Katherine H. Bligard, Michelle Doering, Shay Porat, Joshua I. Rosenbloom",khsmith@wustl.edu; joshuar@hadassah.org.il,2024,"Department of Obstetrics and Gynecology, Washington University in St. Louis School of Medicine, St. Louis, MO, USA; Bernard Becker Medical Library, Washington University in St. Louis School of Medicine, St. Louis, MO, USA; Department of Obstetrics and Gynecology, Hadassah Medical Organization and Faculty of Medicine, Hebrew University of Jerusalem, Jerusalem, Israel",6,https://dx-doi-org.myaccess.library.utoronto.ca/10.1159/000535602,Other,Authors used their own method to assess the quality of articles; see Supplementary Table 1
Unlocking the Potential of Repetitive Transcranial Magnetic Stimulation in Alzheimer's Disease: A Meta-Analysis of Randomized Clinical Trials to Optimize Intervention Strategies.,"Sha Li, Xiaoyong Lan, Yumei Liu, Junhong Zhou, Zian Pei, Xiaolin Su, Yi Guo",Tel.: + 86 0755 22949236; E-mail: xuanyi guo@163.com,2024,"Institute of Neurological and Psychiatric Diseases, Shenzhen Bay Laboratory, Shenzhen, Guangdong, China; Department of Neurology, Shenzhen People’s Hospital (The First Afﬁliated Hospital of Southern University of Science and Technology, The Second Clinical Medical College of Jinan University), Shenzhen, Guangdong,China; Hebrew Seniorlife Hinda and Arthur Marcus Institute for Aging Research, Harvard Medical School, Boston, MA, USA",16,https://dx-doi-org.myaccess.library.utoronto.ca/10.3233/JAD-231031,Cochrane,
Meta-analysis of selenium effects on the meat quality of broilers.,"Chunbo Wei, Shuo Wang, Cuiping Wang, Yuming Zhao, Ying Zhang",weichunbo@byau.edu.cn,2024,"Key Laboratory of Low-carbon Green Agriculture in Northeastern China; Ministry of Agriculture and Rural Affairs P. R. China; Department of Animal Science, College of Animal Science and Veterinary Medicine, Heilongjiang Bayi Agricultural University, Daqing 163316, China",20,https://dx-doi-org.myaccess.library.utoronto.ca/10.1016/j.psj.2024.103523,NONE,
A Controversial Old Topic Revisited: Should Diagnostic Hysteroscopy Be Routinely Performed Prior to the First IVF Cycle? A Systematic Review and Updated Meta-analysis.,"Anusch Yazdani, Ben Kroon, Devini Ameratunga",ayazdani@evehealth.com.au,2023,"University of Queensland, Brisbane, Queensland, Australia; Eve Health (Kroon), Brisbane, Queensland, Australia; Royal Brisbane Hospital (Ameratunga), Brisbane, Queensland, Australia",N/A,https://www-ncbi-nlm-nih-gov.myaccess.library.utoronto.ca/pubmed/37839782,NONE,This is an editorial regarding a systematic review and meta-analysis
,,,,,,,,
,,,,,,Cenarit ,,
Parental Reminder Strategies and the Cost Implication for Improved Immunisation Outcomes: A Systematic Review and Meta-Analysis.,"Hamina Dathini,Siti Khuzaimah Ahmad Sharoni, Kever Teriyla Robert ",sitik123@uitm.edu.my,2022,"
Centre for Nursing Studies, Faculty of Health Sciences, Universiti Teknologi MARA, UiTM Selangor, Puncak Alam Campus, Selangor 42300, Malaysia
Department of Nursing Science, Faculty of Allied Health, University of Maiduguri, Maiduguri 600104, Nigeria",24,https://www.mdpi.com/2227-9032/10/10/1996,Other,
,,,,,,"Article title: Efficacy of electroacupuncture on myocardial protection and postoperative rehabilitation in patients undergoing cardiac surgery with cardiopulmonary bypass: a systematic review and Meta-analysis.: ""https://dx-doi-org.myaccess.library.utoronto.ca/10.19852/j.cnki.jtcm.20230904.003""",,
,,,,,,"Article title: Evidence of the acupuncture points stimulation for the treatment of hypogalactia: A systematic review and meta-analysis.: ""https://dx-doi-org.myaccess.library.utoronto.ca/10.1016/j.enfcle.2024.01.002""",,
,,,,,,"Article title: Iliac crest bone graft versus cell-based grafts to augment spinal fusion: a systematic review and meta-analysis. [Review]: ""https://dx-doi-org.myaccess.library.utoronto.ca/10.1007/s00586-023-07941-9""",,
,,,,,,"Article title: The effectiveness of nursing interventions for elderly dementia patients based on virtual reality technology: A systematic review and meta-analysis. [Review]: ""https://dx-doi-org.myaccess.library.utoronto.ca/10.1016/j.arr.2023.102135""",,
,,,,,,"Article title: The epidemiology and effects of video game addiction: A systematic review and meta-analysis. [Review]: ""https://dx-doi-org.myaccess.library.utoronto.ca/10.1016/j.actpsy.2023.104047""",,
,,,,,,"Article title: Topical Traditional Chinese Medicines for Cancer Pain: A Systematic Review and Meta-analysis of Randomized Controlled Trials. [Review]: ""https://dx-doi-org.myaccess.library.utoronto.ca/10.1177/15347354231210870""",,
,,,,,,"Article title: Short-term clinical efficacy and safety of unilateral biportal endoscopic transforaminal lumbar interbody fusion versus minimally invasive transforaminal lumbar interbody fusion in the treatment of lumbar degenerative diseases: a systematic review and meta-analysis.: ""https://dx-doi-org.myaccess.library.utoronto.ca/10.1186/s13018-023-04138-0""",,
,,,,,,"Article title: The effect of personalized intelligent digital systems for self-care training on type II diabetes: a systematic review and meta-analysis of clinical trials. [Review]: ""https://www-ncbi-nlm-nih-gov.myaccess.library.utoronto.ca/pubmed/37710134""",,
,,,,,,"Article title: Effects of virtual reality for psychological health of ICU patients: a study protocol for systematic review and meta-analysis.: ""https://dx-doi-org.myaccess.library.utoronto.ca/10.1136/bmjopen-2023-073660""",,
,,,,,,"Article title: Comparison of Cannulated Screw Combined with Medial Femoral Plate and Simple Cannulated Screw in the Treatment of Pauwels Type III Femoral Neck Fracture: A Meta-analysis with Trial Sequential Analysis.: ""https://dx-doi-org.myaccess.library.utoronto.ca/10.29271/jcpsp.2023.07.792""",,
,,,,,,"Article title: How common is natural conception in women who have had a livebirth via assisted reproductive technology? Systematic review and meta-analysis.: ""https://dx-doi-org.myaccess.library.utoronto.ca/10.1093/humrep/dead121""",,
,,,,,,"Article title: The feasibility of ultrasonography for the measurement of periodontal and peri-implant phenotype: A systematic review and meta-analysis. [Review]: ""https://dx-doi-org.myaccess.library.utoronto.ca/10.1111/cid.13231""",,
,,,,,,"Article title: Acupuncture for protracted opioid abstinence syndrome: study protocol for a systematic review and meta-analysis.: ""https://dx-doi-org.myaccess.library.utoronto.ca/10.1136/bmjopen-2023-071864""",,
,,,,,,"Article title: Does robotic-assisted surgery improve outcomes of total hip arthroplasty compared to manual technique? A systematic review and meta-analysis.: ""https://dx-doi-org.myaccess.library.utoronto.ca/10.1136/postgradmedj-2021-141135""",,
,,,,,,"Article title: Automated feedback and writing: a multi-level meta-analysis of effects on students' performance.: ""https://dx-doi-org.myaccess.library.utoronto.ca/10.3389/frai.2023.1162454""",,
,,,,,,"Article title: Incidence of delirium after non-cardiac surgery in the Chinese elderly population: a systematic review and meta-analysis.: ""https://dx-doi-org.myaccess.library.utoronto.ca/10.3389/fnagi.2023.1188967""",,
,,,,,,"Article title: Effect of preoperative inspiratory muscle training on postoperative outcomes in patients undergoing cardiac surgery: A systematic review and meta-analysis.: ""https://dx-doi-org.myaccess.library.utoronto.ca/10.12998/wjcc.v11.i13.2981""",,
,,,,,,"Article title: Comparison of ocular surface assessment outcomes between healthy controls and patients with obstructive sleep apnea-hypopnea syndrome: a meta-analysis of the literature.: ""https://dx-doi-org.myaccess.library.utoronto.ca/10.3389/fphys.2023.1163947""",,
,,,,,,"Article title: The comparison of interrupted and continuous suturing technique in Snodgrass urethroplasty in patients with primary hypospadias: A systematic review and meta-analysis.: ""https://dx-doi-org.myaccess.library.utoronto.ca/10.4103/ua.ua_100_22""",,
,,,,,,,,
,,,,,,Kritika,,
,,,,,,"Article title: Survival Trends in Sorafenib for Advanced Hepatocellular Carcinoma: A Reconstructed Individual Patient Data Meta-Analysis of Randomized Trials.: ""https://dx-doi-org.myaccess.library.utoronto.ca/10.1159/000529824""",,
,,,,,,"Article title: Prevalence of long-term right ventricular dysfunction after acute pulmonary embolism: a systematic review and meta-analysis.: ""https://dx-doi-org.myaccess.library.utoronto.ca/10.1016/j.eclinm.2023.102153""",,
,,,,,,"Article title: Scabies as a Neglected Tropical Disease in Iran: A Systematic Review with Meta-Analysis, during 2000-2022. [Review]: ""https://dx-doi-org.myaccess.library.utoronto.ca/10.18502/jad.v16i3.12034""",,
,,,,,,"Article title: The impact of gum-chewing on postoperative ileus following gynecological cancer surgery: A systematic review and meta-analysis of randomized controlled trials.: ""https://dx-doi-org.myaccess.library.utoronto.ca/10.3389/fonc.2022.1059924""",,
,,,,,,"Article title: Effects of sevoflurane and propofol on postoperative nausea and vomiting in patients with colorectal cancer placed under general anesthesia: a systematic review and meta-analysis.: ""https://www-ncbi-nlm-nih-gov.myaccess.library.utoronto.ca/pubmed/37720437""",,
,,,,,,"Article title: Effectiveness of 3D-printed models prepared from radiological data for anatomy education: A meta-analysis and trial sequential analysis of 22 randomized, controlled, crossover trials.: ""https://dx-doi-org.myaccess.library.utoronto.ca/10.4103/jehp.jehp_199_22""",,
,,,,,,"Article title: Efficacy of Different Dosing Regimens of IgE Targeted Biologic Omalizumab for Chronic Spontaneous Urticaria in Adult and Pediatric Populations: A Meta-Analysis.: ""https://dx-doi-org.myaccess.library.utoronto.ca/10.3390/healthcare10122579""",,
,,,,,,"Article title: The efficacy of tranexamic acid treatment with different time and doses for traumatic brain injury: a systematic review and meta-analysis.: ""https://dx-doi-org.myaccess.library.utoronto.ca/10.1186/s12959-022-00440-9""",,
,,,,,,"Article title: Clinical efficacy and safety of 3D vascular reconstruction combined with 3D navigation in laparoscopic hepatectomy: systematic review and meta-analysis.: ""https://www-ncbi-nlm-nih-gov.myaccess.library.utoronto.ca/pubmed/36915427""",,
,,,,,,"Article title: A systematic review and meta-analysis of circulating cell-free DNA as a diagnostic biomarker for non-small cell lung cancer.: ""https://dx-doi-org.myaccess.library.utoronto.ca/10.21037/jtd-22-646""",,
,,,,,,"Article title: Selective Hepatic Vascular Exclusion versus Pringle Maneuver in Major Hepatectomy: A Systematic Review and Meta-Analysis. [Review]: ""https://dx-doi-org.myaccess.library.utoronto.ca/10.3389/fsurg.2022.860721""",,
,,,,,,"Article title: Efficacy and Safety of Mesenchymal Stem Cell Transplantation in the Treatment of Autoimmune Diseases (Rheumatoid Arthritis, Systemic Lupus Erythematosus, Inflammatory Bowel Disease, Multiple Sclerosis, and Ankylosing Spondylitis): A Systematic Review and Meta-Analysis of Randomized Controlled Trial.: ""https://dx-doi-org.myaccess.library.utoronto.ca/10.1155/2022/9463314""",,
,,,,,,"Article title: Comparative systematic review and meta-analysis of the therapeutic effects of coblation tonsillectomy versus electrocautery tonsillectomy.: ""https://dx-doi-org.myaccess.library.utoronto.ca/10.21037/gs-21-832""",,
,,,,,,"Article title: Comparison of Outcomes of Enucleation vs. Standard Surgical Resection for Pancreatic Neoplasms: A Systematic Review and Meta-Analysis.: ""https://dx-doi-org.myaccess.library.utoronto.ca/10.3389/fsurg.2021.744316""",,
,,,,,,"Article title: Clinical Efficacy and Safety of Shashen Maidong Decoction in the Treatment of Pediatric Mycoplasma Pneumonia: A Systematic Review and Meta-Analysis.: ""https://dx-doi-org.myaccess.library.utoronto.ca/10.3389/fphar.2021.765656""",,
,,,,,,"Article title: Real-time audio-visual feedback with handheld nonautomated external defibrillator devices during cardiopulmonary resuscitation for in-hospital cardiac arrest: A meta-analysis. [Review]: ""https://dx-doi-org.myaccess.library.utoronto.ca/10.4103/IJCIIS.IJCIIS_155_20""",,
,,,,,,"Article title: Racial disparities in nonalcoholic fatty liver disease clinical trial enrollment: A systematic review and meta-analysis.: ""https://dx-doi-org.myaccess.library.utoronto.ca/10.4254/wjh.v12.i8.506""",,
,,,,,,"Article title: Use of artificial intelligence for cancer clinical trial enrollment: a systematic review and meta-analysis.: ""https://www-ncbi-nlm-nih-gov.myaccess.library.utoronto.ca/pubmed/37934140""",,
,,,,,,"Article title: Iron metabolism-related indicators as predictors of the incidence of acute kidney injury after cardiac surgery: a meta-analysis.: ""https://dx-doi-org.myaccess.library.utoronto.ca/10.1080/0886022X.2023.2201362""",,
,,,,,,"Article title: Cervical cerclage for short cervix at 24 to 26 weeks of gestation: systematic review and meta-analysis of randomized controlled trials using individual patient-level data. [Review]: ""https://dx-doi-org.myaccess.library.utoronto.ca/10.1016/j.ajogmf.2023.100930""",,
,,,,,,,,
,,,,,,Caroleen,,
"Offspring physiology following the use of IVM, IVF and ICSI: a systematic review and meta-analysis of animal studies","Kiri H Beilby, Ezra Kneebone, Tessa J Roseboom, Indah M van Marrewijk, Jeremy G Thompson, Robert J Norman, Rebecca L Robker, Ben Willem J Mol, Rui Wang",kiri.beilby@monash.edu,2023,"Department of Obstetrics and Gynaecology, Monash University, , Melbourne, Australia. Correspondence address. Department of Obstetrics and Gynaecology, Monash University, Level 5, Monash Medical Centre, 246 Clayton Road, Clayton, VIC 3168, Australia.",61,https://dx-doi-org.myaccess.library.utoronto.ca/10.1093/humupd/dmac043 ,SYRCLE risk of bias too,
Demographic recruitment bias of adults in United States randomized clinical trials by disease categories between 2008 to 2019: a systematic review and meta-analysis.,"Ilana Buffenstein, Bree Kaneakua, Emily Taylor, Masako Matsunaga, So Yung Choi, Enrique Carrazana, Jason Viereck, Kore Kai Liow & Arash Ghaffari-Rafi ",arashgr@hawaii.edu,2023,"John A. Burns School of Medicine, University of Hawaiʻi at Mānoa, 651 Ilalo Street, Honolulu, HI, 96813, USA. Department of Neurological Surgery, School of Medicine, University of California, Davis, 4301 X St., Sacramento, CA, 95817, USA",2977, https://dx-doi-org.myaccess.library.utoronto.ca/10.1038/s41598-022-23664-1 ,"Cochrane, PRISMA",
Role of Hemodialysis in Acute Severe Alcohol Intoxication: A Meta-Analysis,Siyao Zeng; Lei Ma;Lishan Yang;Xiaodong Hu;Cheng Wang;Xinxin Guo;Yi Li;Yi Gou,"357893553@qq.com, 13895306161@163.com  ",2023,"Department of Emergency Medicine, General Hospital of Ningxia Medical University, Yinchuan, China. School of Clinical Medicine, Ningxia Medical University, Yinchuan, China",13,https://dx-doi-org.myaccess.library.utoronto.ca/10.1159/000527622 ,Cochrane,
Endoscopy-assisted versus open tissue expander placement in plastic and reconstructive surgery: a meta-analysis,"Chen Dong, Liwei Dong, Zhou Yu, Xianjie Ma",uyz20080512@163.com; mamajing@fmmu.edu.cn,2023,"Department of Plastic Surgery, Xijing Hospital, Fourth Military MedicalUniversity, 127 Changle Road, Xi’an, Shaanxi 710032, People’s Republic of China",7,https://dx-doi-org.myaccess.library.utoronto.ca/10.1080/2000656X.2022.2032106,RoB 2.0,
Level of sedation in critically ill adult patients: a protocol for a systematic review with meta-analysis and trial sequential analysis,,,,,,https://dx-doi-org.myaccess.library.utoronto.ca/10.1136/bmjopen-2022-061806 ,,
The Relationship Between Physical Activity and Mobile Phone Addiction Among Adolescents and Young Adults: Systematic Review and Meta-analysis of Observational Studies. [Review],,,,,,https://dx-doi-org.myaccess.library.utoronto.ca/10.2196/41606 ,,
Effects of epidural anesthesia in pheochromocytoma and paraganglioma surgeries: A protocol for systematic review and meta-analysis.,,,,,, https://dx-doi-org.myaccess.library.utoronto.ca/10.1097/MD.0000000000031768 ,,
"Traditional Chinese medicine combined with Moxibustion in the treatment of long-COVID"": A protocol for systematic review and meta-analysis.",,,,,, https://dx-doi-org.myaccess.library.utoronto.ca/10.1097/MD.0000000000031447 ,,
Placebo Response to Oral Administration in Osteoarthritis Clinical Trials and Its Associated Factors: A Model-Based Meta-analysis.: ,,,,,,https://dx-doi-org.myaccess.library.utoronto.ca/10.1001/jamanetworkopen.2022.35060 ,,
Is low-level laser therapy effective in the treatment of herpes labialis? Systematic review and meta-analysis. [Review],,,,,, https://dx-doi-org.myaccess.library.utoronto.ca/10.1007/s10103-022-03653-6 ,,
Meta-Analysis of Efficacy and Safety of Karelizumab Combined with Apatinib in the Treatment of Advanced Gastric Cancer. [Review],,,,,,https://dx-doi-org.myaccess.library.utoronto.ca/10.1155/2022/6971717 ,,
The effects of early exercise on cardiac rehabilitation-related outcome in acute heart failure patients: A systematic review and meta-analysis. [Review],,,,,, https://dx-doi-org.myaccess.library.utoronto.ca/10.1016/j.ijnurstu.2022.104237 ,,
Pathologically diagnosed placenta accreta spectrum without placenta previa: a systematic review and meta-analysis. [Review],,,,,, https://dx-doi-org.myaccess.library.utoronto.ca/10.1016/j.ajogmf.2023.101027 ,,
Cervical cerclage for short cervix at 24 to 26 weeks of gestation: systematic review and meta-analysis of randomized controlled trials using individual patient-level data. [Review],,,,,,https://dx-doi-org.myaccess.library.utoronto.ca/10.1016/j.ajogmf.2023.100930 ,,
The effect of exposure to long working hours on depression: A systematic review and meta-analysis from the WHO/ILO Joint Estimates of the Work-related Burden of Disease and Injury.,,,,,,https://dx-doi-org.myaccess.library.utoronto.ca/10.1016/j.envint.2021.106629 ,,
Correlating Spatial Ability With Anatomy Assessment Performance: A Meta-Analysis.,,,,,, https://dx-doi-org.myaccess.library.utoronto.ca/10.1002/ase.2029 ,,
Effects of early mobilization on the prognosis of critically ill patients: A systematic review and meta-analysis. [Review],,,,,,https://dx-doi-org.myaccess.library.utoronto.ca/10.1016/j.ijnurstu.2020.103708 ,,
Meta-analysis of intracavitary electrocardiogram guidance for peripherally inserted central catheter placement.,,,,,,https://dx-doi-org.myaccess.library.utoronto.ca/10.1177/1129729819826028 ,,
A meta-analysis of the impacts of genetically modified crops. [Review],,,,,,https://dx-doi-org.myaccess.library.utoronto.ca/10.1371/journal.pone.0111629 ,,
The effectiveness of computerized drug-lab alerts: a systematic review and meta-analysis. [Review] ,,,,,,https://dx-doi-org.myaccess.library.utoronto.ca/10.1016/j.ijmedinf.2014.03.003 ,,